CREATE DATABASE  IF NOT EXISTS `survey` /*!40100 DEFAULT CHARACTER SET latin1 */;
USE `survey`;
-- MySQL dump 10.13  Distrib 5.7.17, for Win64 (x86_64)
--
-- Host: 127.0.0.1    Database: survey
-- ------------------------------------------------------
-- Server version	5.5.5-10.1.13-MariaDB

/*!40101 SET @OLD_CHARACTER_SET_CLIENT=@@CHARACTER_SET_CLIENT */;
/*!40101 SET @OLD_CHARACTER_SET_RESULTS=@@CHARACTER_SET_RESULTS */;
/*!40101 SET @OLD_COLLATION_CONNECTION=@@COLLATION_CONNECTION */;
/*!40101 SET NAMES utf8 */;
/*!40103 SET @OLD_TIME_ZONE=@@TIME_ZONE */;
/*!40103 SET TIME_ZONE='+00:00' */;
/*!40014 SET @OLD_UNIQUE_CHECKS=@@UNIQUE_CHECKS, UNIQUE_CHECKS=0 */;
/*!40014 SET @OLD_FOREIGN_KEY_CHECKS=@@FOREIGN_KEY_CHECKS, FOREIGN_KEY_CHECKS=0 */;
/*!40101 SET @OLD_SQL_MODE=@@SQL_MODE, SQL_MODE='NO_AUTO_VALUE_ON_ZERO' */;
/*!40111 SET @OLD_SQL_NOTES=@@SQL_NOTES, SQL_NOTES=0 */;

--
-- Table structure for table `admin_users`
--

DROP TABLE IF EXISTS `admin_users`;
/*!40101 SET @saved_cs_client     = @@character_set_client */;
/*!40101 SET character_set_client = utf8 */;
CREATE TABLE `admin_users` (
  `id` int(11) NOT NULL AUTO_INCREMENT,
  `password` varchar(32) NOT NULL,
  `email` varchar(200) NOT NULL,
  `created` timestamp NOT NULL DEFAULT CURRENT_TIMESTAMP,
  PRIMARY KEY (`id`)
) ENGINE=InnoDB AUTO_INCREMENT=2 DEFAULT CHARSET=latin1;
/*!40101 SET character_set_client = @saved_cs_client */;

--
-- Dumping data for table `admin_users`
--

LOCK TABLES `admin_users` WRITE;
/*!40000 ALTER TABLE `admin_users` DISABLE KEYS */;
INSERT INTO `admin_users` VALUES (1,'e10adc3949ba59abbe56e057f20f883e','robertor@lexmark.com','2018-05-23 14:58:04');
/*!40000 ALTER TABLE `admin_users` ENABLE KEYS */;
UNLOCK TABLES;

--
-- Table structure for table `example_options`
--

DROP TABLE IF EXISTS `example_options`;
/*!40101 SET @saved_cs_client     = @@character_set_client */;
/*!40101 SET character_set_client = utf8 */;
CREATE TABLE `example_options` (
  `id` int(11) NOT NULL AUTO_INCREMENT,
  `question_id` int(11) NOT NULL DEFAULT '0',
  `option_text` varchar(200) NOT NULL,
  `created` timestamp NOT NULL DEFAULT CURRENT_TIMESTAMP,
  PRIMARY KEY (`id`)
) ENGINE=InnoDB DEFAULT CHARSET=latin1;
/*!40101 SET character_set_client = @saved_cs_client */;

--
-- Dumping data for table `example_options`
--

LOCK TABLES `example_options` WRITE;
/*!40000 ALTER TABLE `example_options` DISABLE KEYS */;
/*!40000 ALTER TABLE `example_options` ENABLE KEYS */;
UNLOCK TABLES;

--
-- Table structure for table `example_questions`
--

DROP TABLE IF EXISTS `example_questions`;
/*!40101 SET @saved_cs_client     = @@character_set_client */;
/*!40101 SET character_set_client = utf8 */;
CREATE TABLE `example_questions` (
  `id` int(11) NOT NULL AUTO_INCREMENT,
  `question_text` varchar(200) NOT NULL,
  `question_type` int(2) DEFAULT '0',
  `required` tinyint(1) DEFAULT '0',
  `helper_text` varchar(200) DEFAULT NULL,
  `created` timestamp NOT NULL DEFAULT CURRENT_TIMESTAMP,
  PRIMARY KEY (`id`)
) ENGINE=InnoDB DEFAULT CHARSET=latin1;
/*!40101 SET character_set_client = @saved_cs_client */;

--
-- Dumping data for table `example_questions`
--

LOCK TABLES `example_questions` WRITE;
/*!40000 ALTER TABLE `example_questions` DISABLE KEYS */;
/*!40000 ALTER TABLE `example_questions` ENABLE KEYS */;
UNLOCK TABLES;

--
-- Table structure for table `example_response_answers`
--

DROP TABLE IF EXISTS `example_response_answers`;
/*!40101 SET @saved_cs_client     = @@character_set_client */;
/*!40101 SET character_set_client = utf8 */;
CREATE TABLE `example_response_answers` (
  `id` int(11) NOT NULL AUTO_INCREMENT,
  `response_id` int(11) NOT NULL,
  `question_id` int(11) NOT NULL,
  `option_id` int(11) NOT NULL DEFAULT '0',
  `text` varchar(1000) DEFAULT NULL,
  `created` timestamp NOT NULL DEFAULT CURRENT_TIMESTAMP,
  PRIMARY KEY (`id`)
) ENGINE=InnoDB DEFAULT CHARSET=latin1;
/*!40101 SET character_set_client = @saved_cs_client */;

--
-- Dumping data for table `example_response_answers`
--

LOCK TABLES `example_response_answers` WRITE;
/*!40000 ALTER TABLE `example_response_answers` DISABLE KEYS */;
/*!40000 ALTER TABLE `example_response_answers` ENABLE KEYS */;
UNLOCK TABLES;

--
-- Table structure for table `example_responses`
--

DROP TABLE IF EXISTS `example_responses`;
/*!40101 SET @saved_cs_client     = @@character_set_client */;
/*!40101 SET character_set_client = utf8 */;
CREATE TABLE `example_responses` (
  `id` int(11) NOT NULL AUTO_INCREMENT,
  `user_id` int(11) NOT NULL,
  `created` timestamp NOT NULL DEFAULT CURRENT_TIMESTAMP,
  PRIMARY KEY (`id`)
) ENGINE=InnoDB DEFAULT CHARSET=latin1;
/*!40101 SET character_set_client = @saved_cs_client */;

--
-- Dumping data for table `example_responses`
--

LOCK TABLES `example_responses` WRITE;
/*!40000 ALTER TABLE `example_responses` DISABLE KEYS */;
/*!40000 ALTER TABLE `example_responses` ENABLE KEYS */;
UNLOCK TABLES;

--
-- Table structure for table `s1_options`
--

DROP TABLE IF EXISTS `s1_options`;
/*!40101 SET @saved_cs_client     = @@character_set_client */;
/*!40101 SET character_set_client = utf8 */;
CREATE TABLE `s1_options` (
  `id` int(11) NOT NULL AUTO_INCREMENT,
  `question_id` int(11) NOT NULL DEFAULT '0',
  `option_text` varchar(200) NOT NULL,
  `created` timestamp NOT NULL DEFAULT CURRENT_TIMESTAMP,
  PRIMARY KEY (`id`)
) ENGINE=InnoDB AUTO_INCREMENT=51 DEFAULT CHARSET=latin1;
/*!40101 SET character_set_client = @saved_cs_client */;

--
-- Dumping data for table `s1_options`
--

LOCK TABLES `s1_options` WRITE;
/*!40000 ALTER TABLE `s1_options` DISABLE KEYS */;
INSERT INTO `s1_options` VALUES (1,1,'1','2018-05-23 13:48:43'),(2,1,'2','2018-05-23 13:48:43'),(3,1,'3','2018-05-25 15:03:25'),(4,1,'4','2018-05-25 15:03:25'),(5,1,'5','2018-05-25 15:03:25'),(6,2,'1','2018-05-25 15:03:25'),(7,2,'2','2018-05-25 15:03:25'),(8,2,'3','2018-05-27 14:21:32'),(9,2,'4','2018-05-27 14:21:32'),(10,2,'5','2018-05-27 14:21:32'),(11,3,'1','2018-05-27 14:21:32'),(12,3,'2','2018-05-27 14:21:32'),(13,3,'3','2018-05-27 14:21:32'),(14,3,'4','2018-05-27 14:21:32'),(15,3,'5','2018-05-27 14:21:32'),(16,4,'1','2018-05-27 14:21:32'),(17,4,'2','2018-05-27 14:21:32'),(18,4,'3','2018-05-27 14:21:32'),(19,4,'4','2018-05-27 14:21:32'),(20,4,'5','2018-05-27 14:21:32'),(21,5,'1','2018-05-27 14:21:32'),(22,5,'2','2018-05-27 14:21:32'),(23,5,'3','2018-05-27 14:21:32'),(24,5,'4','2018-05-27 14:21:32'),(25,5,'5','2018-05-27 14:21:32'),(26,6,'1','2018-06-17 02:22:28'),(27,6,'2','2018-06-17 02:22:28'),(28,6,'3','2018-06-17 02:22:28'),(29,6,'4','2018-06-17 02:22:28'),(30,7,'1','2018-06-17 02:22:28'),(31,7,'2','2018-06-17 02:22:28'),(32,7,'3','2018-06-17 02:22:28'),(33,7,'4','2018-06-17 02:22:28'),(34,7,'5','2018-06-17 02:22:28'),(35,8,'1','2018-06-17 02:22:28'),(36,8,'2','2018-06-17 02:22:28'),(37,8,'3','2018-06-17 02:22:28'),(38,8,'4','2018-06-17 02:22:28'),(39,8,'5','2018-06-17 02:22:28'),(40,8,'6','2018-06-17 02:22:28'),(41,9,'1','2018-06-17 02:22:28'),(42,9,'2','2018-06-17 02:22:28'),(43,9,'3','2018-06-17 02:22:28'),(44,9,'4','2018-06-17 02:22:28'),(45,9,'5','2018-06-17 02:22:28'),(46,10,'1','2018-06-17 02:22:28'),(47,10,'2','2018-06-17 02:22:28'),(48,10,'3','2018-06-17 02:22:28'),(49,10,'4','2018-06-17 02:22:28'),(50,10,'5','2018-06-17 02:22:28');
/*!40000 ALTER TABLE `s1_options` ENABLE KEYS */;
UNLOCK TABLES;

--
-- Table structure for table `s1_questions`
--

DROP TABLE IF EXISTS `s1_questions`;
/*!40101 SET @saved_cs_client     = @@character_set_client */;
/*!40101 SET character_set_client = utf8 */;
CREATE TABLE `s1_questions` (
  `id` int(11) NOT NULL AUTO_INCREMENT,
  `question_text` varchar(200) NOT NULL,
  `question_type` int(2) DEFAULT '0',
  `required` tinyint(1) DEFAULT '0',
  `helper_text` varchar(200) DEFAULT NULL,
  `created` timestamp NOT NULL DEFAULT CURRENT_TIMESTAMP,
  PRIMARY KEY (`id`)
) ENGINE=InnoDB AUTO_INCREMENT=11 DEFAULT CHARSET=latin1;
/*!40101 SET character_set_client = @saved_cs_client */;

--
-- Dumping data for table `s1_questions`
--

LOCK TABLES `s1_questions` WRITE;
/*!40000 ALTER TABLE `s1_questions` DISABLE KEYS */;
INSERT INTO `s1_questions` VALUES (1,'Question 1',0,0,'page1.jpg','2018-05-23 13:48:43'),(2,'Question 2',0,0,'page2.jpg','2018-05-23 13:48:43'),(3,'Question 3',0,0,'page3.jpg','2018-05-23 13:48:43'),(4,'Question 4',0,0,'page4.jpg','2018-05-23 13:48:43'),(5,'Question 5',0,0,'page5.jpg','2018-05-23 13:48:43'),(6,'Question 6',0,0,NULL,'2018-06-17 02:20:18'),(7,'Question 7',0,0,NULL,'2018-06-17 02:20:18'),(8,'Question 8',0,0,NULL,'2018-06-17 02:20:18'),(9,'Question 9',0,0,NULL,'2018-06-17 02:20:18'),(10,'Question 10',0,0,NULL,'2018-06-17 02:20:18');
/*!40000 ALTER TABLE `s1_questions` ENABLE KEYS */;
UNLOCK TABLES;

--
-- Table structure for table `s1_response_answers`
--

DROP TABLE IF EXISTS `s1_response_answers`;
/*!40101 SET @saved_cs_client     = @@character_set_client */;
/*!40101 SET character_set_client = utf8 */;
CREATE TABLE `s1_response_answers` (
  `id` int(11) NOT NULL AUTO_INCREMENT,
  `response_id` int(11) NOT NULL,
  `question_id` int(11) NOT NULL,
  `option_id` int(11) NOT NULL DEFAULT '0',
  `text` varchar(1000) DEFAULT NULL,
  `created` timestamp NOT NULL DEFAULT CURRENT_TIMESTAMP,
  PRIMARY KEY (`id`)
) ENGINE=InnoDB AUTO_INCREMENT=812 DEFAULT CHARSET=latin1;
/*!40101 SET character_set_client = @saved_cs_client */;

--
-- Dumping data for table `s1_response_answers`
--

LOCK TABLES `s1_response_answers` WRITE;
/*!40000 ALTER TABLE `s1_response_answers` DISABLE KEYS */;
INSERT INTO `s1_response_answers` VALUES (63,13,1,5,'1','2018-05-28 14:55:39'),(64,13,2,6,'1','2018-05-28 14:55:39'),(65,13,3,13,'1','2018-05-28 14:55:39'),(66,13,4,19,'1','2018-05-28 14:55:39'),(67,13,5,22,'1','2018-05-28 14:55:39'),(68,14,1,1,'1','2018-05-28 14:57:08'),(69,14,2,7,'1','2018-05-28 14:57:08'),(70,14,3,13,'1','2018-05-28 14:57:08'),(71,14,4,19,'1','2018-05-28 14:57:08'),(72,14,5,25,'1','2018-05-28 14:57:08'),(73,15,1,5,'1','2018-05-28 15:05:10'),(74,15,2,9,'1','2018-05-28 15:05:10'),(75,15,3,13,'1','2018-05-28 15:05:10'),(76,15,4,17,'1','2018-05-28 15:05:10'),(77,15,5,21,'1','2018-05-28 15:05:10'),(78,16,1,1,'1','2018-05-28 15:09:37'),(79,16,2,7,'1','2018-05-28 15:09:37'),(80,16,3,13,'1','2018-05-28 15:09:37'),(81,16,4,19,'1','2018-05-28 15:09:37'),(82,16,5,25,'1','2018-05-28 15:09:37'),(83,17,1,1,'1','2018-05-28 15:12:23'),(84,17,2,7,'1','2018-05-28 15:12:23'),(85,17,3,13,'1','2018-05-28 15:12:23'),(86,17,4,19,'1','2018-05-28 15:12:23'),(87,17,5,25,'1','2018-05-28 15:12:23'),(88,18,1,1,'1','2018-05-28 15:15:48'),(89,18,2,7,'1','2018-05-28 15:15:48'),(90,18,3,13,'1','2018-05-28 15:15:48'),(91,18,4,19,'1','2018-05-28 15:15:48'),(92,18,5,25,'1','2018-05-28 15:15:48'),(93,19,1,1,'1','2018-05-28 15:18:37'),(94,19,2,7,'1','2018-05-28 15:18:37'),(95,19,3,13,'1','2018-05-28 15:18:37'),(96,19,4,19,'1','2018-05-28 15:18:37'),(97,19,5,25,'1','2018-05-28 15:18:37'),(98,20,1,1,'1','2018-05-28 15:19:28'),(99,20,2,7,'1','2018-05-28 15:19:28'),(100,20,3,13,'1','2018-05-28 15:19:28'),(101,20,4,19,'1','2018-05-28 15:19:28'),(102,20,5,25,'1','2018-05-28 15:19:28'),(103,21,1,2,'1','2018-05-28 15:34:17'),(104,21,2,6,'1','2018-05-28 15:34:17'),(105,21,3,13,'1','2018-05-28 15:34:17'),(106,21,4,20,'1','2018-05-28 15:34:17'),(107,21,5,24,'1','2018-05-28 15:34:17'),(108,22,1,1,'1','2018-05-28 15:34:44'),(109,22,2,7,'1','2018-05-28 15:34:44'),(110,22,3,13,'1','2018-05-28 15:34:44'),(111,22,4,19,'1','2018-05-28 15:34:44'),(112,22,5,25,'1','2018-05-28 15:34:44'),(113,23,1,1,'1','2018-05-28 15:35:47'),(114,23,2,10,'1','2018-05-28 15:35:47'),(115,23,3,13,'1','2018-05-28 15:35:47'),(116,23,4,20,'1','2018-05-28 15:35:47'),(117,23,5,23,'1','2018-05-28 15:35:47'),(118,24,1,4,'1','2018-05-29 02:19:08'),(119,24,2,10,'1','2018-05-29 02:19:08'),(120,24,3,11,'1','2018-05-29 02:19:08'),(121,24,4,20,'1','2018-05-29 02:19:08'),(122,24,5,25,'1','2018-05-29 02:19:08'),(123,25,1,5,'1','2018-05-29 10:19:18'),(124,25,2,9,'1','2018-05-29 10:19:18'),(125,25,3,15,'1','2018-05-29 10:19:18'),(126,25,4,18,'1','2018-05-29 10:19:18'),(127,25,5,25,'1','2018-05-29 10:19:18'),(128,26,1,3,'1','2018-05-29 10:52:14'),(129,26,2,7,'1','2018-05-29 10:52:14'),(130,26,3,11,'1','2018-05-29 10:52:14'),(131,26,4,19,'1','2018-05-29 10:52:14'),(132,26,5,22,'1','2018-05-29 10:52:14'),(133,27,1,5,'1','2018-05-29 10:58:00'),(134,27,2,10,'1','2018-05-29 10:58:00'),(135,27,3,15,'1','2018-05-29 10:58:00'),(136,27,4,20,'1','2018-05-29 10:58:00'),(137,27,5,25,'1','2018-05-29 10:58:00'),(138,28,1,1,'1','2018-05-29 10:58:25'),(139,28,2,6,'1','2018-05-29 10:58:25'),(140,28,3,11,'1','2018-05-29 10:58:25'),(141,28,4,16,'1','2018-05-29 10:58:25'),(142,28,5,21,'1','2018-05-29 10:58:25'),(143,29,1,5,'1','2018-05-29 10:59:17'),(144,29,2,10,'1','2018-05-29 10:59:17'),(145,29,3,15,'1','2018-05-29 10:59:17'),(146,29,4,20,'1','2018-05-29 10:59:17'),(147,29,5,25,'1','2018-05-29 10:59:17'),(148,30,1,2,'1','2018-05-29 10:59:52'),(149,30,2,7,'1','2018-05-29 10:59:52'),(150,30,3,12,'1','2018-05-29 10:59:52'),(151,30,4,17,'1','2018-05-29 10:59:52'),(152,30,5,22,'1','2018-05-29 10:59:52'),(153,31,1,5,'1','2018-05-29 13:37:07'),(154,31,2,9,'1','2018-05-29 13:37:07'),(155,31,3,15,'1','2018-05-29 13:37:07'),(156,31,4,19,'1','2018-05-29 13:37:07'),(157,31,5,25,'1','2018-05-29 13:37:07'),(158,32,1,1,'1','2018-05-29 14:14:03'),(159,32,2,6,'1','2018-05-29 14:14:03'),(160,32,3,11,'1','2018-05-29 14:14:03'),(161,32,4,16,'1','2018-05-29 14:14:03'),(162,32,5,21,'1','2018-05-29 14:14:03'),(163,33,1,5,'1','2018-05-29 15:36:58'),(164,33,2,10,'1','2018-05-29 15:36:58'),(165,33,3,15,'1','2018-05-29 15:36:58'),(166,33,4,20,'1','2018-05-29 15:36:58'),(167,33,5,25,'1','2018-05-29 15:36:58'),(168,34,1,3,NULL,'2018-05-30 05:36:27'),(169,34,2,6,NULL,'2018-05-30 05:36:27'),(170,34,3,13,NULL,'2018-05-30 05:36:27'),(171,34,4,19,NULL,'2018-05-30 05:36:27'),(172,34,5,25,NULL,'2018-05-30 05:36:27'),(173,35,1,1,NULL,'2018-05-30 05:56:21'),(174,35,2,7,NULL,'2018-05-30 05:56:21'),(175,35,3,14,NULL,'2018-05-30 05:56:21'),(176,35,4,20,NULL,'2018-05-30 05:56:21'),(177,35,5,23,NULL,'2018-05-30 05:56:21'),(178,36,1,5,NULL,'2018-05-30 06:10:55'),(179,36,2,10,NULL,'2018-05-30 06:10:55'),(180,36,3,11,NULL,'2018-05-30 06:10:55'),(181,36,4,18,NULL,'2018-05-30 06:10:55'),(182,36,5,23,NULL,'2018-05-30 06:10:55'),(183,37,1,3,NULL,'2018-05-30 07:13:38'),(184,37,2,8,NULL,'2018-05-30 07:13:38'),(185,37,3,15,NULL,'2018-05-30 07:13:38'),(186,37,4,18,NULL,'2018-05-30 07:13:38'),(187,37,5,23,NULL,'2018-05-30 07:13:38'),(188,38,1,5,NULL,'2018-05-30 07:15:56'),(189,38,2,10,NULL,'2018-05-30 07:15:56'),(190,38,3,14,NULL,'2018-05-30 07:15:56'),(191,38,4,20,NULL,'2018-05-30 07:15:56'),(192,38,5,24,NULL,'2018-05-30 07:15:56'),(193,39,1,2,NULL,'2018-05-30 07:16:15'),(194,39,2,6,NULL,'2018-05-30 07:16:15'),(195,39,3,11,NULL,'2018-05-30 07:16:15'),(196,39,4,16,NULL,'2018-05-30 07:16:15'),(197,39,5,21,NULL,'2018-05-30 07:16:15'),(198,40,1,2,NULL,'2018-05-30 07:18:05'),(199,40,2,8,NULL,'2018-05-30 07:18:05'),(200,40,3,14,NULL,'2018-05-30 07:18:05'),(201,40,4,19,NULL,'2018-05-30 07:18:05'),(202,40,5,24,NULL,'2018-05-30 07:18:05'),(203,41,1,3,NULL,'2018-05-30 10:09:57'),(204,41,2,9,NULL,'2018-05-30 10:09:57'),(205,41,3,14,NULL,'2018-05-30 10:09:57'),(206,41,4,18,NULL,'2018-05-30 10:09:57'),(207,41,5,25,NULL,'2018-05-30 10:09:57'),(208,42,1,1,NULL,'2018-05-30 10:50:20'),(209,42,2,10,NULL,'2018-05-30 10:50:20'),(210,42,3,14,NULL,'2018-05-30 10:50:20'),(211,42,4,19,NULL,'2018-05-30 10:50:20'),(212,42,5,24,NULL,'2018-05-30 10:50:20'),(213,43,1,5,NULL,'2018-05-31 14:49:36'),(214,43,2,9,NULL,'2018-05-31 14:49:36'),(215,43,3,12,NULL,'2018-05-31 14:49:36'),(216,43,4,18,NULL,'2018-05-31 14:49:36'),(217,43,5,25,NULL,'2018-05-31 14:49:36'),(218,44,1,2,NULL,'2018-06-01 04:12:01'),(219,45,3,15,NULL,'2018-06-01 04:13:20'),(220,45,4,20,NULL,'2018-06-01 04:13:20'),(221,45,5,23,NULL,'2018-06-01 04:13:20'),(222,46,1,1,NULL,'2018-06-01 04:23:02'),(223,49,1,1,NULL,'2018-06-01 04:31:24'),(224,54,1,5,NULL,'2018-06-01 04:49:10'),(225,59,2,8,NULL,'2018-06-01 06:27:34'),(226,59,3,13,NULL,'2018-06-01 06:27:34'),(227,59,4,18,NULL,'2018-06-01 06:27:34'),(228,61,1,3,NULL,'2018-06-01 06:49:10'),(229,61,2,7,NULL,'2018-06-01 06:49:10'),(230,61,3,15,NULL,'2018-06-01 06:49:10'),(231,61,4,16,NULL,'2018-06-01 06:49:10'),(232,61,5,24,NULL,'2018-06-01 06:49:10'),(233,62,1,5,NULL,'2018-06-01 07:21:01'),(234,62,2,8,NULL,'2018-06-01 07:21:01'),(235,62,3,14,NULL,'2018-06-01 07:21:01'),(236,62,4,20,NULL,'2018-06-01 07:21:01'),(237,62,5,25,NULL,'2018-06-01 07:21:01'),(238,75,1,4,NULL,'2018-06-03 06:58:51'),(239,75,2,8,NULL,'2018-06-03 06:58:51'),(240,75,3,12,NULL,'2018-06-03 06:58:51'),(241,75,4,20,NULL,'2018-06-03 06:58:51'),(242,75,5,21,NULL,'2018-06-03 06:58:51'),(243,82,2,10,NULL,'2018-06-04 10:29:40'),(244,82,3,13,NULL,'2018-06-04 10:29:40'),(245,82,4,20,NULL,'2018-06-04 10:29:40'),(246,82,5,22,NULL,'2018-06-04 10:29:40'),(247,105,1,1,NULL,'2018-06-09 14:20:39'),(248,105,2,8,NULL,'2018-06-09 14:20:39'),(249,105,3,14,NULL,'2018-06-09 14:20:39'),(250,105,4,20,NULL,'2018-06-09 14:20:39'),(251,105,5,23,NULL,'2018-06-09 14:20:39'),(252,106,1,1,NULL,'2018-06-09 14:20:49'),(253,118,2,10,NULL,'2018-06-09 15:12:19'),(254,119,1,5,NULL,'2018-06-09 15:14:19'),(255,119,2,10,NULL,'2018-06-09 15:14:19'),(256,120,2,8,NULL,'2018-06-09 15:15:19'),(257,120,3,15,NULL,'2018-06-09 15:15:19'),(258,121,1,5,NULL,'2018-06-09 15:17:21'),(259,121,2,10,NULL,'2018-06-09 15:17:21'),(260,121,3,13,NULL,'2018-06-09 15:17:21'),(261,121,5,24,NULL,'2018-06-09 15:17:21'),(262,122,1,5,NULL,'2018-06-09 15:18:05'),(263,122,2,7,NULL,'2018-06-09 15:18:05'),(264,124,1,5,NULL,'2018-06-09 15:24:56'),(265,124,2,10,NULL,'2018-06-09 15:24:56'),(266,124,4,20,NULL,'2018-06-09 15:24:56'),(267,124,5,24,NULL,'2018-06-09 15:24:56'),(268,125,2,10,NULL,'2018-06-09 15:29:01'),(269,125,3,15,NULL,'2018-06-09 15:29:01'),(270,125,4,17,NULL,'2018-06-09 15:29:01'),(271,126,1,5,NULL,'2018-06-09 15:29:52'),(272,126,3,14,NULL,'2018-06-09 15:29:52'),(273,128,2,10,NULL,'2018-06-09 15:41:27'),(274,128,3,14,NULL,'2018-06-09 15:41:27'),(275,128,4,17,NULL,'2018-06-09 15:41:27'),(276,128,5,25,NULL,'2018-06-09 15:41:27'),(277,136,2,9,NULL,'2018-06-09 16:06:54'),(278,136,3,14,NULL,'2018-06-09 16:06:54'),(279,136,4,20,NULL,'2018-06-09 16:06:54'),(280,136,5,25,NULL,'2018-06-09 16:06:54'),(281,137,1,5,NULL,'2018-06-09 16:08:16'),(282,137,2,10,NULL,'2018-06-09 16:08:16'),(283,137,3,14,NULL,'2018-06-09 16:08:16'),(284,137,4,18,NULL,'2018-06-09 16:08:16'),(285,137,5,24,NULL,'2018-06-09 16:08:16'),(286,138,1,3,NULL,'2018-06-09 16:08:31'),(287,138,2,9,NULL,'2018-06-09 16:08:31'),(288,138,3,15,NULL,'2018-06-09 16:08:31'),(289,139,1,4,NULL,'2018-06-09 16:10:07'),(290,139,2,8,NULL,'2018-06-09 16:10:07'),(291,139,3,13,NULL,'2018-06-09 16:10:07'),(292,139,4,19,NULL,'2018-06-09 16:10:07'),(293,139,5,25,NULL,'2018-06-09 16:10:07'),(294,140,2,8,NULL,'2018-06-09 16:10:31'),(295,140,3,12,NULL,'2018-06-09 16:10:31'),(296,140,4,20,NULL,'2018-06-09 16:10:31'),(297,140,5,21,NULL,'2018-06-09 16:10:31'),(298,141,1,2,NULL,'2018-06-09 16:10:45'),(299,141,2,10,NULL,'2018-06-09 16:10:45'),(300,141,3,13,NULL,'2018-06-09 16:10:45'),(301,141,4,20,NULL,'2018-06-09 16:10:45'),(302,141,5,25,NULL,'2018-06-09 16:10:45'),(303,142,1,5,NULL,'2018-06-09 16:12:56'),(304,142,2,9,NULL,'2018-06-09 16:12:56'),(305,142,3,13,NULL,'2018-06-09 16:12:56'),(306,142,4,20,NULL,'2018-06-09 16:12:56'),(307,142,5,24,NULL,'2018-06-09 16:12:56'),(308,143,1,3,NULL,'2018-06-09 16:13:10'),(309,143,2,10,NULL,'2018-06-09 16:13:10'),(310,143,3,15,NULL,'2018-06-09 16:13:10'),(311,144,5,25,NULL,'2018-06-09 16:13:21'),(312,145,3,15,NULL,'2018-06-09 16:19:47'),(313,145,4,18,NULL,'2018-06-09 16:19:47'),(314,145,5,25,NULL,'2018-06-09 16:19:47'),(315,146,2,10,NULL,'2018-06-09 16:30:18'),(316,146,3,13,NULL,'2018-06-09 16:30:18'),(317,146,4,17,NULL,'2018-06-09 16:30:18'),(318,146,5,25,NULL,'2018-06-09 16:30:18'),(319,147,1,1,NULL,'2018-06-09 16:30:47'),(320,147,2,7,NULL,'2018-06-09 16:30:47'),(321,147,3,14,NULL,'2018-06-09 16:30:47'),(322,147,4,18,NULL,'2018-06-09 16:30:47'),(323,147,5,21,NULL,'2018-06-09 16:30:47'),(324,148,1,2,NULL,'2018-06-10 01:10:20'),(325,148,2,10,NULL,'2018-06-10 01:10:20'),(326,148,3,13,NULL,'2018-06-10 01:10:20'),(327,148,4,20,NULL,'2018-06-10 01:10:20'),(328,148,5,24,NULL,'2018-06-10 01:10:20'),(329,150,1,3,NULL,'2018-06-10 01:10:37'),(330,154,1,3,NULL,'2018-06-10 06:08:39'),(331,154,2,7,NULL,'2018-06-10 06:08:39'),(332,154,3,14,NULL,'2018-06-10 06:08:39'),(333,154,4,20,NULL,'2018-06-10 06:08:39'),(334,154,5,23,NULL,'2018-06-10 06:08:39'),(335,158,1,2,NULL,'2018-06-10 06:36:16'),(336,159,1,2,NULL,'2018-06-10 06:37:49'),(337,161,1,2,NULL,'2018-06-10 07:03:18'),(338,161,2,9,NULL,'2018-06-10 07:03:18'),(339,161,3,15,NULL,'2018-06-10 07:03:18'),(340,161,4,20,NULL,'2018-06-10 07:03:18'),(341,161,5,24,NULL,'2018-06-10 07:03:18'),(342,162,1,3,NULL,'2018-06-10 07:03:37'),(343,162,2,10,NULL,'2018-06-10 07:03:37'),(344,162,3,15,NULL,'2018-06-10 07:03:37'),(345,162,4,17,NULL,'2018-06-10 07:03:37'),(346,162,5,24,NULL,'2018-06-10 07:03:37'),(347,163,1,1,NULL,'2018-06-10 12:18:12'),(348,165,1,1,NULL,'2018-06-10 12:26:03'),(349,165,2,7,NULL,'2018-06-10 12:26:03'),(350,165,3,11,NULL,'2018-06-10 12:26:03'),(351,165,4,20,NULL,'2018-06-10 12:26:03'),(352,165,5,24,NULL,'2018-06-10 12:26:03'),(353,168,1,5,NULL,'2018-06-11 09:00:15'),(354,168,2,7,NULL,'2018-06-11 09:00:15'),(355,168,3,14,NULL,'2018-06-11 09:00:15'),(356,168,4,17,NULL,'2018-06-11 09:00:15'),(357,168,5,25,NULL,'2018-06-11 09:00:15'),(358,175,1,1,NULL,'2018-06-11 10:05:19'),(359,175,2,7,NULL,'2018-06-11 10:05:19'),(360,175,3,12,NULL,'2018-06-11 10:05:19'),(361,175,4,19,NULL,'2018-06-11 10:05:19'),(362,175,5,23,NULL,'2018-06-11 10:05:19'),(363,178,1,2,NULL,'2018-06-12 14:28:56'),(364,178,2,9,NULL,'2018-06-12 14:28:56'),(365,178,3,14,NULL,'2018-06-12 14:28:56'),(366,178,4,19,NULL,'2018-06-12 14:28:56'),(367,178,5,25,NULL,'2018-06-12 14:28:56'),(368,179,1,1,NULL,'2018-06-12 14:30:47'),(369,179,2,9,NULL,'2018-06-12 14:30:47'),(370,179,3,15,NULL,'2018-06-12 14:30:47'),(371,179,4,19,NULL,'2018-06-12 14:30:47'),(372,179,5,24,NULL,'2018-06-12 14:30:47'),(373,185,1,5,NULL,'2018-06-14 04:28:21'),(374,185,2,9,NULL,'2018-06-14 04:28:21'),(375,185,3,13,NULL,'2018-06-14 04:28:21'),(376,185,4,18,NULL,'2018-06-14 04:28:21'),(377,185,5,25,NULL,'2018-06-14 04:28:21'),(378,191,1,3,NULL,'2018-06-14 11:19:38'),(379,192,1,4,NULL,'2018-06-14 11:20:48'),(380,193,1,5,NULL,'2018-06-14 11:23:10'),(381,194,1,2,NULL,'2018-06-14 11:25:59'),(382,195,1,3,NULL,'2018-06-14 11:31:40'),(383,195,2,9,NULL,'2018-06-14 11:31:40'),(384,195,3,15,NULL,'2018-06-14 11:31:40'),(385,195,4,19,NULL,'2018-06-14 11:31:40'),(386,195,5,25,NULL,'2018-06-14 11:31:40'),(387,196,1,5,NULL,'2018-06-14 14:16:51'),(388,196,2,9,NULL,'2018-06-14 14:16:51'),(389,199,1,3,NULL,'2018-06-14 14:52:44'),(390,200,1,4,NULL,'2018-06-14 14:54:42'),(391,200,2,7,NULL,'2018-06-14 14:54:42'),(392,203,1,5,NULL,'2018-06-14 15:00:41'),(393,203,2,7,NULL,'2018-06-14 15:00:41'),(394,203,3,14,NULL,'2018-06-14 15:00:41'),(395,203,4,18,NULL,'2018-06-14 15:00:41'),(396,203,5,25,NULL,'2018-06-14 15:00:41'),(397,204,1,1,NULL,'2018-06-14 15:00:56'),(398,204,2,7,NULL,'2018-06-14 15:00:56'),(399,204,3,13,NULL,'2018-06-14 15:00:56'),(400,204,4,19,NULL,'2018-06-14 15:00:56'),(401,204,5,25,NULL,'2018-06-14 15:00:56'),(402,205,1,3,NULL,'2018-06-14 15:02:43'),(403,205,2,9,NULL,'2018-06-14 15:02:43'),(404,205,3,14,NULL,'2018-06-14 15:02:43'),(405,205,4,20,NULL,'2018-06-14 15:02:43'),(406,205,5,25,NULL,'2018-06-14 15:02:43'),(407,206,1,5,NULL,'2018-06-14 15:05:20'),(408,206,2,9,NULL,'2018-06-14 15:05:20'),(409,206,3,13,NULL,'2018-06-14 15:05:20'),(410,206,4,17,NULL,'2018-06-14 15:05:20'),(411,206,5,21,NULL,'2018-06-14 15:05:20'),(412,207,1,1,NULL,'2018-06-14 15:06:14'),(413,207,2,6,NULL,'2018-06-14 15:06:14'),(414,207,3,11,NULL,'2018-06-14 15:06:14'),(415,207,4,16,NULL,'2018-06-14 15:06:14'),(416,207,5,21,NULL,'2018-06-14 15:06:14'),(417,208,1,3,NULL,'2018-06-14 15:10:23'),(418,208,2,7,NULL,'2018-06-14 15:10:23'),(419,208,3,14,NULL,'2018-06-14 15:10:23'),(420,208,4,20,NULL,'2018-06-14 15:10:23'),(421,208,5,25,NULL,'2018-06-14 15:10:23'),(422,209,1,1,NULL,'2018-06-14 15:11:07'),(423,209,2,7,NULL,'2018-06-14 15:11:07'),(424,209,3,13,NULL,'2018-06-14 15:11:07'),(425,209,4,19,NULL,'2018-06-14 15:11:07'),(426,209,5,25,NULL,'2018-06-14 15:11:07'),(427,211,1,2,NULL,'2018-06-14 15:22:33'),(428,211,3,15,NULL,'2018-06-14 15:22:33'),(429,211,4,19,NULL,'2018-06-14 15:22:33'),(430,212,1,2,NULL,'2018-06-14 15:30:16'),(431,212,2,7,NULL,'2018-06-14 15:30:16'),(432,212,3,14,NULL,'2018-06-14 15:30:16'),(433,213,1,3,NULL,'2018-06-14 15:38:37'),(434,214,1,2,NULL,'2018-06-14 15:43:40'),(435,214,2,7,NULL,'2018-06-14 15:43:40'),(436,215,1,2,NULL,'2018-06-14 15:44:29'),(437,216,1,2,NULL,'2018-06-14 15:47:00'),(438,216,2,8,NULL,'2018-06-14 15:47:00'),(439,217,1,2,NULL,'2018-06-14 15:50:57'),(440,217,2,8,NULL,'2018-06-14 15:50:57'),(441,217,3,14,NULL,'2018-06-14 15:50:57'),(442,217,4,20,NULL,'2018-06-14 15:50:57'),(443,217,5,25,NULL,'2018-06-14 15:50:57'),(444,218,1,2,NULL,'2018-06-14 15:56:36'),(445,218,2,7,NULL,'2018-06-14 15:56:36'),(446,219,1,2,NULL,'2018-06-14 15:58:00'),(447,219,2,8,NULL,'2018-06-14 15:58:00'),(448,220,1,2,NULL,'2018-06-14 16:00:38'),(449,220,2,7,NULL,'2018-06-14 16:00:38'),(450,220,3,14,NULL,'2018-06-14 16:00:38'),(451,220,4,19,NULL,'2018-06-14 16:00:38'),(452,220,5,25,NULL,'2018-06-14 16:00:38'),(453,221,1,2,NULL,'2018-06-14 16:01:17'),(454,221,2,8,NULL,'2018-06-14 16:01:17'),(455,221,3,11,NULL,'2018-06-14 16:01:17'),(456,221,4,17,NULL,'2018-06-14 16:01:17'),(457,221,5,22,NULL,'2018-06-14 16:01:17'),(458,222,1,4,NULL,'2018-06-14 16:01:57'),(459,222,2,9,NULL,'2018-06-14 16:01:57'),(460,222,3,15,NULL,'2018-06-14 16:01:57'),(461,222,4,20,NULL,'2018-06-14 16:01:57'),(462,222,5,22,NULL,'2018-06-14 16:01:57'),(463,223,1,2,NULL,'2018-06-14 16:07:26'),(464,223,2,8,NULL,'2018-06-14 16:07:26'),(465,223,3,14,NULL,'2018-06-14 16:07:26'),(466,223,4,20,NULL,'2018-06-14 16:07:26'),(467,223,5,25,NULL,'2018-06-14 16:07:26'),(468,224,1,3,NULL,'2018-06-14 16:07:39'),(469,224,2,7,NULL,'2018-06-14 16:07:39'),(470,224,3,14,NULL,'2018-06-14 16:07:39'),(471,224,4,18,NULL,'2018-06-14 16:07:39'),(472,224,5,25,NULL,'2018-06-14 16:07:39'),(473,226,1,4,NULL,'2018-06-14 16:10:29'),(474,226,2,8,NULL,'2018-06-14 16:10:29'),(475,226,3,15,NULL,'2018-06-14 16:10:29'),(476,226,4,16,NULL,'2018-06-14 16:10:29'),(477,226,5,24,NULL,'2018-06-14 16:10:29'),(478,227,1,2,NULL,'2018-06-14 16:12:11'),(479,227,2,7,NULL,'2018-06-14 16:12:11'),(480,227,3,13,NULL,'2018-06-14 16:12:11'),(481,227,4,18,NULL,'2018-06-14 16:12:11'),(482,227,5,25,NULL,'2018-06-14 16:12:11'),(483,228,1,2,NULL,'2018-06-14 16:12:50'),(484,228,2,7,NULL,'2018-06-14 16:12:50'),(485,228,3,12,NULL,'2018-06-14 16:12:50'),(486,228,4,17,NULL,'2018-06-14 16:12:50'),(487,228,5,22,NULL,'2018-06-14 16:12:50'),(488,229,1,2,NULL,'2018-06-14 16:13:01'),(489,229,2,7,NULL,'2018-06-14 16:13:01'),(490,229,3,11,NULL,'2018-06-14 16:13:01'),(491,229,4,16,NULL,'2018-06-14 16:13:01'),(492,229,5,21,NULL,'2018-06-14 16:13:01'),(493,230,1,2,NULL,'2018-06-14 16:13:17'),(494,230,2,7,NULL,'2018-06-14 16:13:17'),(495,230,3,12,NULL,'2018-06-14 16:13:17'),(496,230,4,17,NULL,'2018-06-14 16:13:17'),(497,230,5,22,NULL,'2018-06-14 16:13:17'),(498,231,1,2,NULL,'2018-06-14 16:14:22'),(499,231,2,9,NULL,'2018-06-14 16:14:22'),(500,231,3,11,NULL,'2018-06-14 16:14:22'),(501,231,4,20,NULL,'2018-06-14 16:14:22'),(502,231,5,22,NULL,'2018-06-14 16:14:22'),(503,232,1,2,NULL,'2018-06-14 16:15:06'),(504,232,2,7,NULL,'2018-06-14 16:15:06'),(505,232,3,12,NULL,'2018-06-14 16:15:06'),(506,232,4,17,NULL,'2018-06-14 16:15:06'),(507,232,5,22,NULL,'2018-06-14 16:15:06'),(508,233,1,2,NULL,'2018-06-14 16:18:22'),(509,233,2,8,NULL,'2018-06-14 16:18:22'),(510,233,3,13,NULL,'2018-06-14 16:18:22'),(511,233,4,20,NULL,'2018-06-14 16:18:22'),(512,233,5,22,NULL,'2018-06-14 16:18:22'),(513,234,1,3,NULL,'2018-06-14 16:18:47'),(514,234,2,7,NULL,'2018-06-14 16:18:47'),(515,234,3,12,NULL,'2018-06-14 16:18:47'),(516,234,4,19,NULL,'2018-06-14 16:18:47'),(517,234,5,25,NULL,'2018-06-14 16:18:47'),(518,236,1,2,NULL,'2018-06-14 16:28:37'),(519,237,1,2,NULL,'2018-06-14 16:30:49'),(520,237,2,8,NULL,'2018-06-14 16:30:49'),(521,237,3,15,NULL,'2018-06-14 16:30:49'),(522,238,1,2,NULL,'2018-06-14 16:31:19'),(523,238,2,9,NULL,'2018-06-14 16:31:19'),(524,238,3,12,NULL,'2018-06-14 16:31:19'),(525,238,4,20,NULL,'2018-06-14 16:31:19'),(526,238,5,22,NULL,'2018-06-14 16:31:19'),(527,248,1,5,NULL,'2018-06-14 17:01:39'),(528,248,2,7,NULL,'2018-06-14 17:01:39'),(529,248,3,15,NULL,'2018-06-14 17:01:39'),(530,248,4,18,NULL,'2018-06-14 17:01:39'),(531,248,5,24,NULL,'2018-06-14 17:01:39'),(532,249,1,2,NULL,'2018-06-14 17:01:48'),(533,249,2,8,NULL,'2018-06-14 17:01:48'),(534,249,3,14,NULL,'2018-06-14 17:01:48'),(535,249,4,20,NULL,'2018-06-14 17:01:48'),(536,249,5,23,NULL,'2018-06-14 17:01:48'),(537,250,1,2,NULL,'2018-06-14 22:42:56'),(538,250,2,7,NULL,'2018-06-14 22:42:56'),(539,250,3,13,NULL,'2018-06-14 22:42:56'),(540,250,4,19,NULL,'2018-06-14 22:42:56'),(541,250,5,25,NULL,'2018-06-14 22:42:56'),(542,251,1,2,NULL,'2018-06-14 22:43:29'),(543,251,2,8,NULL,'2018-06-14 22:43:29'),(544,251,3,14,NULL,'2018-06-14 22:43:29'),(545,251,4,20,NULL,'2018-06-14 22:43:29'),(546,251,5,21,NULL,'2018-06-14 22:43:29'),(547,252,1,2,NULL,'2018-06-14 22:43:40'),(548,252,2,8,NULL,'2018-06-14 22:43:40'),(549,252,3,14,NULL,'2018-06-14 22:43:40'),(550,252,4,20,NULL,'2018-06-14 22:43:40'),(551,252,5,25,NULL,'2018-06-14 22:43:40'),(552,254,1,4,NULL,'2018-06-15 01:12:49'),(553,254,2,7,NULL,'2018-06-15 01:12:49'),(554,254,3,14,NULL,'2018-06-15 01:12:49'),(555,254,4,20,NULL,'2018-06-15 01:12:49'),(556,254,5,24,NULL,'2018-06-15 01:12:49'),(557,255,1,2,NULL,'2018-06-15 01:19:42'),(558,256,1,5,NULL,'2018-06-15 01:23:52'),(559,256,2,10,NULL,'2018-06-15 01:23:52'),(560,256,3,15,NULL,'2018-06-15 01:23:52'),(561,256,4,20,NULL,'2018-06-15 01:23:52'),(562,256,5,25,NULL,'2018-06-15 01:23:52'),(563,257,1,3,NULL,'2018-06-15 01:24:51'),(564,257,2,8,NULL,'2018-06-15 01:24:51'),(565,257,3,13,NULL,'2018-06-15 01:24:51'),(566,257,4,18,NULL,'2018-06-15 01:24:51'),(567,257,5,23,NULL,'2018-06-15 01:24:51'),(568,258,1,3,NULL,'2018-06-15 01:26:47'),(569,258,2,8,NULL,'2018-06-15 01:26:47'),(570,258,3,13,NULL,'2018-06-15 01:26:47'),(571,258,4,18,NULL,'2018-06-15 01:26:47'),(572,258,5,23,NULL,'2018-06-15 01:26:47'),(573,260,1,1,NULL,'2018-06-15 01:27:40'),(574,260,2,6,NULL,'2018-06-15 01:27:40'),(575,260,3,11,NULL,'2018-06-15 01:27:40'),(576,260,4,16,NULL,'2018-06-15 01:27:40'),(577,260,5,21,NULL,'2018-06-15 01:27:40'),(578,261,1,2,NULL,'2018-06-15 01:27:51'),(579,261,2,7,NULL,'2018-06-15 01:27:51'),(580,261,3,12,NULL,'2018-06-15 01:27:51'),(581,261,4,17,NULL,'2018-06-15 01:27:51'),(582,261,5,22,NULL,'2018-06-15 01:27:51'),(583,263,1,2,NULL,'2018-06-15 10:06:55'),(584,263,2,8,NULL,'2018-06-15 10:06:55'),(585,263,3,15,NULL,'2018-06-15 10:06:55'),(586,264,1,2,NULL,'2018-06-15 10:11:25'),(587,264,2,8,NULL,'2018-06-15 10:11:25'),(588,265,1,3,NULL,'2018-06-15 10:23:52'),(589,266,1,2,NULL,'2018-06-15 10:26:15'),(590,266,2,7,NULL,'2018-06-15 10:26:15'),(591,266,3,12,NULL,'2018-06-15 10:26:15'),(592,266,4,17,NULL,'2018-06-15 10:26:15'),(593,266,5,22,NULL,'2018-06-15 10:26:15'),(594,267,1,1,NULL,'2018-06-15 10:34:46'),(595,267,2,9,NULL,'2018-06-15 10:34:46'),(596,268,1,2,NULL,'2018-06-15 10:44:47'),(597,269,1,2,NULL,'2018-06-15 10:51:38'),(598,269,2,8,NULL,'2018-06-15 10:51:38'),(599,270,1,3,NULL,'2018-06-15 10:56:17'),(600,271,1,2,NULL,'2018-06-15 10:57:32'),(601,274,1,2,NULL,'2018-06-15 12:49:08'),(602,274,2,10,NULL,'2018-06-15 12:49:08'),(603,274,3,13,NULL,'2018-06-15 12:49:08'),(604,284,1,1,NULL,'2018-06-15 13:43:27'),(605,285,1,1,NULL,'2018-06-15 13:44:03'),(606,286,1,2,NULL,'2018-06-15 13:44:48'),(607,287,1,4,NULL,'2018-06-15 13:46:23'),(608,289,1,0,NULL,'2018-06-15 14:33:29'),(609,289,2,0,NULL,'2018-06-15 14:33:29'),(610,289,3,0,NULL,'2018-06-15 14:33:29'),(611,289,4,0,NULL,'2018-06-15 14:33:29'),(612,289,5,0,NULL,'2018-06-15 14:33:29'),(613,295,1,2,NULL,'2018-06-15 14:52:05'),(614,296,1,2,NULL,'2018-06-15 14:55:40'),(615,297,1,1,NULL,'2018-06-15 14:56:30'),(616,298,1,2,NULL,'2018-06-15 14:58:08'),(617,298,2,7,NULL,'2018-06-15 14:58:08'),(618,299,1,2,NULL,'2018-06-15 14:58:29'),(619,299,2,7,NULL,'2018-06-15 14:58:29'),(620,300,1,2,NULL,'2018-06-15 14:59:04'),(621,300,2,7,NULL,'2018-06-15 14:59:04'),(622,300,3,13,NULL,'2018-06-15 14:59:04'),(623,300,4,20,NULL,'2018-06-15 14:59:04'),(624,300,5,25,NULL,'2018-06-15 14:59:04'),(625,307,1,2,NULL,'2018-06-15 15:12:06'),(626,308,1,2,NULL,'2018-06-15 15:13:35'),(627,309,1,2,NULL,'2018-06-15 15:14:31'),(628,310,2,8,NULL,'2018-06-15 15:14:39'),(629,311,3,13,NULL,'2018-06-15 15:14:50'),(630,312,4,18,NULL,'2018-06-15 15:14:57'),(631,313,5,23,NULL,'2018-06-15 15:15:06'),(632,314,1,3,NULL,'2018-06-15 15:15:13'),(633,315,2,8,NULL,'2018-06-15 15:15:19'),(634,316,3,14,NULL,'2018-06-15 15:15:26'),(635,317,4,19,NULL,'2018-06-15 15:15:35'),(636,318,5,25,NULL,'2018-06-15 15:15:40'),(637,320,1,2,NULL,'2018-06-15 15:25:21'),(638,321,2,7,NULL,'2018-06-15 15:25:22'),(639,322,3,12,NULL,'2018-06-15 15:25:23'),(640,323,4,17,NULL,'2018-06-15 15:25:24'),(641,324,5,22,NULL,'2018-06-15 15:25:24'),(642,325,1,2,NULL,'2018-06-15 15:25:25'),(643,327,3,13,NULL,'2018-06-15 15:26:18'),(644,328,4,19,NULL,'2018-06-15 15:26:20'),(645,329,5,25,NULL,'2018-06-15 15:26:21'),(646,330,1,4,NULL,'2018-06-15 15:26:23'),(647,331,2,8,NULL,'2018-06-15 15:26:24'),(648,332,3,12,NULL,'2018-06-15 15:26:25'),(649,333,4,19,NULL,'2018-06-15 15:26:26'),(650,334,5,25,NULL,'2018-06-15 15:26:28'),(651,336,1,2,NULL,'2018-06-15 15:28:26'),(652,337,2,7,NULL,'2018-06-15 15:28:28'),(653,338,3,12,NULL,'2018-06-15 15:28:29'),(654,339,4,18,NULL,'2018-06-15 15:28:30'),(655,340,1,2,NULL,'2018-06-15 15:28:48'),(656,341,2,7,NULL,'2018-06-15 15:28:50'),(657,343,1,2,NULL,'2018-06-15 15:30:27'),(658,344,2,7,NULL,'2018-06-15 15:30:32'),(659,345,3,13,NULL,'2018-06-15 15:30:35'),(660,346,1,2,NULL,'2018-06-15 15:31:07'),(661,348,1,2,NULL,'2018-06-15 15:32:04'),(662,349,2,7,NULL,'2018-06-15 15:32:06'),(663,350,3,12,NULL,'2018-06-15 15:32:07'),(664,351,4,18,NULL,'2018-06-15 15:32:09'),(665,352,5,24,NULL,'2018-06-15 15:32:10'),(666,353,1,2,NULL,'2018-06-15 15:33:30'),(667,354,2,8,NULL,'2018-06-15 15:33:31'),(668,355,3,14,NULL,'2018-06-15 15:33:32'),(669,356,4,20,NULL,'2018-06-15 15:33:34'),(670,357,5,23,NULL,'2018-06-15 15:33:35'),(671,358,1,1,NULL,'2018-06-15 15:35:33'),(672,359,2,7,NULL,'2018-06-15 15:35:34'),(673,360,3,13,NULL,'2018-06-15 15:35:35'),(674,361,4,19,NULL,'2018-06-15 15:35:36'),(675,362,5,25,NULL,'2018-06-15 15:35:37'),(676,363,1,2,NULL,'2018-06-15 15:36:20'),(677,364,2,8,NULL,'2018-06-15 15:36:21'),(678,365,3,13,NULL,'2018-06-15 15:36:22'),(679,366,4,18,NULL,'2018-06-15 15:36:23'),(680,367,5,24,NULL,'2018-06-15 15:36:25'),(681,368,1,2,NULL,'2018-06-15 15:37:20'),(682,369,2,8,NULL,'2018-06-15 15:37:21'),(683,370,3,13,NULL,'2018-06-15 15:37:22'),(684,371,4,18,NULL,'2018-06-15 15:37:23'),(685,372,5,24,NULL,'2018-06-15 15:37:24'),(686,373,1,2,NULL,'2018-06-15 15:38:00'),(687,374,2,7,NULL,'2018-06-15 15:38:01'),(688,375,3,12,NULL,'2018-06-15 15:38:02'),(689,376,4,17,NULL,'2018-06-15 15:38:03'),(690,377,5,22,NULL,'2018-06-15 15:38:04'),(691,378,1,2,NULL,'2018-06-15 15:54:47'),(692,379,2,7,NULL,'2018-06-15 15:54:48'),(693,380,3,12,NULL,'2018-06-15 15:54:49'),(694,381,4,17,NULL,'2018-06-15 15:54:50'),(695,382,5,22,NULL,'2018-06-15 15:54:51'),(696,383,1,2,NULL,'2018-06-15 15:55:40'),(697,384,2,7,NULL,'2018-06-15 15:55:40'),(698,385,3,12,NULL,'2018-06-15 15:55:41'),(699,386,4,17,NULL,'2018-06-15 15:55:42'),(700,387,5,22,NULL,'2018-06-15 15:55:43'),(701,388,1,2,NULL,'2018-06-15 15:56:17'),(702,389,2,7,NULL,'2018-06-15 15:56:18'),(703,390,3,12,NULL,'2018-06-15 15:56:19'),(704,391,4,17,NULL,'2018-06-15 15:56:19'),(705,392,5,22,NULL,'2018-06-15 15:56:20'),(706,393,1,2,NULL,'2018-06-15 15:57:43'),(707,394,2,7,NULL,'2018-06-15 15:57:43'),(708,395,3,12,NULL,'2018-06-15 15:57:44'),(709,396,4,17,NULL,'2018-06-15 15:57:45'),(710,397,5,22,NULL,'2018-06-15 15:57:46'),(711,398,1,2,NULL,'2018-06-15 15:57:54'),(712,399,2,7,NULL,'2018-06-15 15:57:55'),(713,400,3,12,NULL,'2018-06-15 15:57:55'),(714,401,4,17,NULL,'2018-06-15 15:57:56'),(715,402,5,22,NULL,'2018-06-15 15:57:57'),(716,403,1,2,NULL,'2018-06-15 15:58:02'),(717,404,2,7,NULL,'2018-06-15 15:58:03'),(718,405,3,12,NULL,'2018-06-15 15:58:04'),(719,406,4,17,NULL,'2018-06-15 15:58:05'),(720,407,5,22,NULL,'2018-06-15 15:58:05'),(721,408,1,2,NULL,'2018-06-15 15:58:11'),(722,409,2,7,NULL,'2018-06-15 15:58:11'),(723,410,3,12,NULL,'2018-06-15 15:58:12'),(724,411,4,17,NULL,'2018-06-15 15:58:13'),(725,412,5,22,NULL,'2018-06-15 15:58:13'),(726,413,1,5,NULL,'2018-06-15 15:59:20'),(727,414,2,10,NULL,'2018-06-15 15:59:21'),(728,415,3,15,NULL,'2018-06-15 15:59:22'),(729,416,4,20,NULL,'2018-06-15 15:59:23'),(730,417,5,25,NULL,'2018-06-15 15:59:24'),(731,418,1,3,NULL,'2018-06-15 15:59:38'),(732,419,2,8,NULL,'2018-06-15 15:59:39'),(733,420,3,13,NULL,'2018-06-15 15:59:39'),(734,421,4,18,NULL,'2018-06-15 15:59:40'),(735,422,5,23,NULL,'2018-06-15 15:59:41'),(736,423,1,5,NULL,'2018-06-15 16:00:04'),(737,424,2,10,NULL,'2018-06-15 16:00:05'),(738,425,3,15,NULL,'2018-06-15 16:00:06'),(739,426,4,20,NULL,'2018-06-15 16:00:07'),(740,427,5,25,NULL,'2018-06-15 16:00:08'),(741,428,1,1,NULL,'2018-06-15 16:00:16'),(742,429,2,6,NULL,'2018-06-15 16:00:17'),(743,430,3,11,NULL,'2018-06-15 16:00:18'),(744,431,4,16,NULL,'2018-06-15 16:00:18'),(745,432,5,21,NULL,'2018-06-15 16:00:19'),(746,433,1,2,NULL,'2018-06-15 16:01:10'),(747,434,2,7,NULL,'2018-06-15 16:01:11'),(748,435,3,13,NULL,'2018-06-15 16:01:12'),(749,436,4,19,NULL,'2018-06-15 16:01:13'),(750,437,5,25,NULL,'2018-06-15 16:01:15'),(751,438,1,4,NULL,'2018-06-15 16:02:17'),(752,439,2,9,NULL,'2018-06-15 16:02:18'),(753,440,3,14,NULL,'2018-06-15 16:02:19'),(754,441,4,19,NULL,'2018-06-15 16:02:19'),(755,442,5,24,NULL,'2018-06-15 16:02:20'),(756,443,1,2,NULL,'2018-06-15 16:02:28'),(757,444,2,7,NULL,'2018-06-15 16:02:29'),(758,445,3,12,NULL,'2018-06-15 16:02:30'),(759,446,4,17,NULL,'2018-06-15 16:02:31'),(760,447,5,22,NULL,'2018-06-15 16:02:31'),(761,448,1,3,NULL,'2018-06-15 16:03:44'),(762,449,2,8,NULL,'2018-06-15 16:03:44'),(763,450,3,13,NULL,'2018-06-15 16:03:45'),(764,451,4,18,NULL,'2018-06-15 16:03:46'),(765,452,5,23,NULL,'2018-06-15 16:03:47'),(766,454,2,10,NULL,'2018-06-15 16:09:26'),(767,455,3,13,NULL,'2018-06-15 16:09:27'),(768,456,4,19,NULL,'2018-06-15 16:09:28'),(769,457,5,25,NULL,'2018-06-15 16:09:30'),(770,458,1,5,NULL,'2018-06-15 16:09:31'),(771,459,1,2,NULL,'2018-06-15 22:52:54'),(772,460,2,8,NULL,'2018-06-15 22:52:55'),(773,461,3,14,NULL,'2018-06-15 22:52:56'),(774,462,4,20,NULL,'2018-06-15 22:52:57'),(775,463,5,22,NULL,'2018-06-15 22:52:59'),(776,464,1,5,NULL,'2018-06-15 22:53:05'),(777,465,2,10,NULL,'2018-06-15 22:53:06'),(778,466,3,15,NULL,'2018-06-15 22:53:07'),(779,467,4,20,NULL,'2018-06-15 22:53:08'),(780,468,5,25,NULL,'2018-06-15 22:53:09'),(781,469,1,2,NULL,'2018-06-15 23:15:34'),(782,470,2,10,NULL,'2018-06-15 23:15:35'),(783,471,3,14,NULL,'2018-06-15 23:15:36'),(784,472,4,20,NULL,'2018-06-15 23:15:37'),(785,473,5,22,NULL,'2018-06-15 23:15:38'),(786,474,1,2,NULL,'2018-06-15 23:17:05'),(787,475,2,8,NULL,'2018-06-15 23:17:06'),(788,476,3,15,NULL,'2018-06-15 23:17:08'),(789,477,4,19,NULL,'2018-06-15 23:17:09'),(790,478,5,24,NULL,'2018-06-15 23:17:10'),(791,480,1,3,NULL,'2018-06-16 00:03:56'),(792,481,2,7,NULL,'2018-06-16 00:03:57'),(793,482,3,14,NULL,'2018-06-16 00:03:58'),(794,483,4,20,NULL,'2018-06-16 00:04:00'),(795,484,5,25,NULL,'2018-06-16 00:04:01'),(796,485,1,4,NULL,'2018-06-16 00:15:22'),(797,486,2,8,NULL,'2018-06-16 00:15:23'),(798,487,3,13,NULL,'2018-06-16 00:15:23'),(799,488,4,18,NULL,'2018-06-16 00:15:24'),(800,489,5,23,NULL,'2018-06-16 00:15:25'),(801,490,1,2,NULL,'2018-06-16 02:45:37'),(802,493,1,1,NULL,'2018-06-17 00:22:35'),(803,494,2,9,NULL,'2018-06-17 00:22:36'),(804,495,3,13,NULL,'2018-06-17 00:22:36'),(805,496,4,20,NULL,'2018-06-17 00:22:38'),(806,497,5,25,NULL,'2018-06-17 00:22:39'),(807,498,1,1,NULL,'2018-06-17 00:22:45'),(808,499,2,9,NULL,'2018-06-17 00:22:46'),(809,500,3,12,NULL,'2018-06-17 00:22:47'),(810,501,4,20,NULL,'2018-06-17 00:22:49'),(811,502,5,24,NULL,'2018-06-17 00:22:51');
/*!40000 ALTER TABLE `s1_response_answers` ENABLE KEYS */;
UNLOCK TABLES;

--
-- Table structure for table `s1_responses`
--

DROP TABLE IF EXISTS `s1_responses`;
/*!40101 SET @saved_cs_client     = @@character_set_client */;
/*!40101 SET character_set_client = utf8 */;
CREATE TABLE `s1_responses` (
  `id` int(11) NOT NULL AUTO_INCREMENT,
  `user_id` int(11) NOT NULL,
  `created` timestamp NOT NULL DEFAULT CURRENT_TIMESTAMP,
  PRIMARY KEY (`id`)
) ENGINE=InnoDB AUTO_INCREMENT=503 DEFAULT CHARSET=latin1;
/*!40101 SET character_set_client = @saved_cs_client */;

--
-- Dumping data for table `s1_responses`
--

LOCK TABLES `s1_responses` WRITE;
/*!40000 ALTER TABLE `s1_responses` DISABLE KEYS */;
INSERT INTO `s1_responses` VALUES (13,1,'2018-05-28 14:55:39'),(14,1,'2018-05-28 14:57:08'),(15,1,'2018-05-28 15:05:10'),(16,1,'2018-05-28 15:09:37'),(17,1,'2018-05-28 15:12:23'),(18,1,'2018-05-28 15:15:48'),(19,1,'2018-05-28 15:18:36'),(20,1,'2018-05-28 15:19:28'),(21,1,'2018-05-28 15:34:17'),(22,1,'2018-05-28 15:34:44'),(23,1,'2018-05-28 15:35:47'),(24,1,'2018-05-29 02:19:08'),(25,1,'2018-05-29 10:19:18'),(26,1,'2018-05-29 10:52:14'),(27,1,'2018-05-29 10:58:00'),(28,1,'2018-05-29 10:58:25'),(29,1,'2018-05-29 10:59:17'),(30,1,'2018-05-29 10:59:52'),(31,1,'2018-05-29 13:37:07'),(32,1,'2018-05-29 14:14:03'),(33,1,'2018-05-29 15:36:58'),(34,1,'2018-05-30 05:36:27'),(35,1,'2018-05-30 05:56:21'),(36,1,'2018-05-30 06:10:55'),(37,1,'2018-05-30 07:13:38'),(38,1,'2018-05-30 07:15:56'),(39,1,'2018-05-30 07:16:15'),(40,1,'2018-05-30 07:18:05'),(41,1,'2018-05-30 10:09:57'),(42,1,'2018-05-30 10:50:20'),(43,1,'2018-05-31 14:49:36'),(44,1,'2018-06-01 04:12:01'),(45,1,'2018-06-01 04:13:20'),(46,1,'2018-06-01 04:23:02'),(47,1,'2018-06-01 04:30:59'),(48,1,'2018-06-01 04:31:14'),(49,1,'2018-06-01 04:31:24'),(50,1,'2018-06-01 04:36:20'),(51,1,'2018-06-01 04:37:10'),(52,1,'2018-06-01 04:41:23'),(53,1,'2018-06-01 04:41:30'),(54,1,'2018-06-01 04:49:10'),(55,1,'2018-06-01 04:49:16'),(56,1,'2018-06-01 04:49:24'),(57,1,'2018-06-01 04:49:48'),(58,1,'2018-06-01 04:50:02'),(59,1,'2018-06-01 06:27:34'),(60,1,'2018-06-01 06:33:37'),(61,1,'2018-06-01 06:49:10'),(62,1,'2018-06-01 07:21:01'),(63,1,'2018-06-01 07:36:18'),(64,1,'2018-06-03 02:47:49'),(65,1,'2018-06-03 05:28:54'),(66,1,'2018-06-03 06:37:36'),(67,1,'2018-06-03 06:41:19'),(68,1,'2018-06-03 06:45:06'),(69,1,'2018-06-03 06:48:05'),(70,1,'2018-06-03 06:48:59'),(71,1,'2018-06-03 06:49:06'),(72,1,'2018-06-03 06:49:51'),(73,1,'2018-06-03 06:50:11'),(74,1,'2018-06-03 06:50:42'),(75,1,'2018-06-03 06:58:51'),(76,1,'2018-06-03 07:03:27'),(77,1,'2018-06-03 14:27:30'),(78,1,'2018-06-03 14:31:33'),(79,1,'2018-06-03 14:32:00'),(80,1,'2018-06-03 14:39:16'),(81,1,'2018-06-04 03:36:16'),(82,1,'2018-06-04 10:29:40'),(83,1,'2018-06-04 14:06:08'),(84,1,'2018-06-09 13:26:44'),(85,1,'2018-06-09 13:26:51'),(86,1,'2018-06-09 13:28:52'),(87,1,'2018-06-09 13:29:47'),(88,1,'2018-06-09 13:30:36'),(89,1,'2018-06-09 13:31:21'),(90,1,'2018-06-09 13:31:30'),(91,1,'2018-06-09 13:32:24'),(92,1,'2018-06-09 13:33:56'),(93,1,'2018-06-09 13:34:32'),(94,1,'2018-06-09 13:34:41'),(95,1,'2018-06-09 13:34:51'),(96,1,'2018-06-09 13:35:59'),(97,1,'2018-06-09 13:37:00'),(98,1,'2018-06-09 13:37:18'),(99,1,'2018-06-09 13:37:23'),(100,1,'2018-06-09 13:37:31'),(101,1,'2018-06-09 13:37:36'),(102,1,'2018-06-09 14:14:42'),(103,1,'2018-06-09 14:14:53'),(104,1,'2018-06-09 14:14:58'),(105,1,'2018-06-09 14:20:39'),(106,1,'2018-06-09 14:20:49'),(107,1,'2018-06-09 14:20:55'),(108,1,'2018-06-09 14:43:47'),(109,1,'2018-06-09 14:43:54'),(110,1,'2018-06-09 14:46:57'),(111,1,'2018-06-09 14:49:40'),(112,1,'2018-06-09 14:49:52'),(113,1,'2018-06-09 14:50:20'),(114,1,'2018-06-09 14:52:10'),(115,1,'2018-06-09 15:00:30'),(116,1,'2018-06-09 15:01:41'),(117,1,'2018-06-09 15:08:14'),(118,1,'2018-06-09 15:12:19'),(119,1,'2018-06-09 15:14:19'),(120,1,'2018-06-09 15:15:19'),(121,1,'2018-06-09 15:17:21'),(122,1,'2018-06-09 15:18:05'),(123,1,'2018-06-09 15:20:12'),(124,1,'2018-06-09 15:24:56'),(125,1,'2018-06-09 15:29:01'),(126,1,'2018-06-09 15:29:52'),(127,1,'2018-06-09 15:32:07'),(128,1,'2018-06-09 15:41:27'),(129,1,'2018-06-09 15:44:23'),(130,1,'2018-06-09 15:44:56'),(131,1,'2018-06-09 15:46:24'),(132,1,'2018-06-09 15:48:02'),(133,1,'2018-06-09 15:49:34'),(134,1,'2018-06-09 15:54:39'),(135,1,'2018-06-09 16:03:00'),(136,1,'2018-06-09 16:06:54'),(137,1,'2018-06-09 16:08:16'),(138,1,'2018-06-09 16:08:31'),(139,1,'2018-06-09 16:10:07'),(140,1,'2018-06-09 16:10:31'),(141,1,'2018-06-09 16:10:45'),(142,1,'2018-06-09 16:12:56'),(143,1,'2018-06-09 16:13:10'),(144,1,'2018-06-09 16:13:21'),(145,1,'2018-06-09 16:19:47'),(146,1,'2018-06-09 16:30:18'),(147,1,'2018-06-09 16:30:47'),(148,1,'2018-06-10 01:10:20'),(149,1,'2018-06-10 01:10:26'),(150,1,'2018-06-10 01:10:37'),(151,1,'2018-06-10 01:10:45'),(152,1,'2018-06-10 01:10:52'),(153,1,'2018-06-10 01:13:09'),(154,1,'2018-06-10 06:08:38'),(155,1,'2018-06-10 06:10:38'),(156,1,'2018-06-10 06:10:44'),(157,1,'2018-06-10 06:36:03'),(158,1,'2018-06-10 06:36:16'),(159,1,'2018-06-10 06:37:49'),(160,1,'2018-06-10 07:02:44'),(161,1,'2018-06-10 07:03:18'),(162,1,'2018-06-10 07:03:37'),(163,1,'2018-06-10 12:18:12'),(164,1,'2018-06-10 12:18:28'),(165,1,'2018-06-10 12:26:03'),(166,1,'2018-06-10 12:26:19'),(167,1,'2018-06-11 08:59:43'),(168,1,'2018-06-11 09:00:15'),(169,1,'2018-06-11 09:06:05'),(170,1,'2018-06-11 09:07:51'),(171,1,'2018-06-11 09:53:08'),(172,1,'2018-06-11 09:53:20'),(173,1,'2018-06-11 09:56:38'),(174,1,'2018-06-11 10:03:39'),(175,1,'2018-06-11 10:05:19'),(176,1,'2018-06-11 10:05:29'),(177,1,'2018-06-12 14:28:37'),(178,1,'2018-06-12 14:28:56'),(179,1,'2018-06-12 14:30:47'),(180,1,'2018-06-14 04:21:29'),(181,1,'2018-06-14 04:23:47'),(182,1,'2018-06-14 04:25:45'),(183,1,'2018-06-14 04:26:57'),(184,1,'2018-06-14 04:26:59'),(185,1,'2018-06-14 04:28:21'),(186,1,'2018-06-14 05:19:24'),(187,1,'2018-06-14 05:19:56'),(188,1,'2018-06-14 10:49:17'),(189,1,'2018-06-14 10:53:42'),(190,1,'2018-06-14 10:54:17'),(191,1,'2018-06-14 11:19:38'),(192,1,'2018-06-14 11:20:48'),(193,1,'2018-06-14 11:23:10'),(194,1,'2018-06-14 11:25:59'),(195,1,'2018-06-14 11:31:40'),(196,1,'2018-06-14 14:16:51'),(197,1,'2018-06-14 14:34:09'),(198,1,'2018-06-14 14:48:49'),(199,1,'2018-06-14 14:52:44'),(200,1,'2018-06-14 14:54:42'),(201,1,'2018-06-14 14:57:34'),(202,1,'2018-06-14 14:58:13'),(203,1,'2018-06-14 15:00:41'),(204,1,'2018-06-14 15:00:56'),(205,1,'2018-06-14 15:02:43'),(206,1,'2018-06-14 15:05:20'),(207,1,'2018-06-14 15:06:14'),(208,1,'2018-06-14 15:10:23'),(209,1,'2018-06-14 15:11:07'),(210,1,'2018-06-14 15:19:21'),(211,1,'2018-06-14 15:22:33'),(212,1,'2018-06-14 15:30:16'),(213,1,'2018-06-14 15:38:37'),(214,1,'2018-06-14 15:43:40'),(215,1,'2018-06-14 15:44:29'),(216,1,'2018-06-14 15:47:00'),(217,1,'2018-06-14 15:50:57'),(218,1,'2018-06-14 15:56:36'),(219,1,'2018-06-14 15:58:00'),(220,1,'2018-06-14 16:00:38'),(221,1,'2018-06-14 16:01:17'),(222,1,'2018-06-14 16:01:57'),(223,1,'2018-06-14 16:07:26'),(224,1,'2018-06-14 16:07:39'),(225,1,'2018-06-14 16:08:52'),(226,1,'2018-06-14 16:10:29'),(227,1,'2018-06-14 16:12:11'),(228,1,'2018-06-14 16:12:50'),(229,1,'2018-06-14 16:13:01'),(230,1,'2018-06-14 16:13:17'),(231,1,'2018-06-14 16:14:22'),(232,1,'2018-06-14 16:15:06'),(233,1,'2018-06-14 16:18:22'),(234,1,'2018-06-14 16:18:47'),(235,1,'2018-06-14 16:27:29'),(236,1,'2018-06-14 16:28:37'),(237,1,'2018-06-14 16:30:49'),(238,1,'2018-06-14 16:31:19'),(239,1,'2018-06-14 16:32:00'),(240,1,'2018-06-14 16:36:20'),(241,1,'2018-06-14 16:37:30'),(242,1,'2018-06-14 16:42:20'),(243,1,'2018-06-14 16:45:47'),(244,1,'2018-06-14 16:48:14'),(245,1,'2018-06-14 16:52:30'),(246,1,'2018-06-14 16:52:30'),(247,1,'2018-06-14 16:53:12'),(248,1,'2018-06-14 17:01:39'),(249,1,'2018-06-14 17:01:48'),(250,1,'2018-06-14 22:42:56'),(251,1,'2018-06-14 22:43:29'),(252,1,'2018-06-14 22:43:40'),(253,1,'2018-06-14 22:47:22'),(254,1,'2018-06-15 01:12:49'),(255,1,'2018-06-15 01:19:42'),(256,1,'2018-06-15 01:23:52'),(257,1,'2018-06-15 01:24:51'),(258,1,'2018-06-15 01:26:47'),(259,1,'2018-06-15 01:27:25'),(260,1,'2018-06-15 01:27:40'),(261,1,'2018-06-15 01:27:51'),(262,1,'2018-06-15 01:29:00'),(263,1,'2018-06-15 10:06:55'),(264,1,'2018-06-15 10:11:25'),(265,1,'2018-06-15 10:23:52'),(266,1,'2018-06-15 10:26:15'),(267,1,'2018-06-15 10:34:46'),(268,1,'2018-06-15 10:44:47'),(269,1,'2018-06-15 10:51:38'),(270,1,'2018-06-15 10:56:17'),(271,1,'2018-06-15 10:57:32'),(272,1,'2018-06-15 12:44:53'),(273,1,'2018-06-15 12:48:03'),(274,1,'2018-06-15 12:49:08'),(275,1,'2018-06-15 13:02:56'),(276,1,'2018-06-15 13:04:52'),(277,1,'2018-06-15 13:22:18'),(278,1,'2018-06-15 13:23:04'),(279,1,'2018-06-15 13:24:29'),(280,1,'2018-06-15 13:25:53'),(281,1,'2018-06-15 13:26:35'),(282,1,'2018-06-15 13:42:26'),(283,1,'2018-06-15 13:42:33'),(284,1,'2018-06-15 13:43:27'),(285,1,'2018-06-15 13:44:03'),(286,1,'2018-06-15 13:44:48'),(287,1,'2018-06-15 13:46:23'),(288,1,'2018-06-15 14:29:51'),(289,1,'2018-06-15 14:33:29'),(290,1,'2018-06-15 14:46:22'),(291,1,'2018-06-15 14:46:24'),(292,1,'2018-06-15 14:46:25'),(293,1,'2018-06-15 14:46:26'),(294,1,'2018-06-15 14:46:56'),(295,1,'2018-06-15 14:52:05'),(296,1,'2018-06-15 14:55:40'),(297,1,'2018-06-15 14:56:30'),(298,1,'2018-06-15 14:58:08'),(299,1,'2018-06-15 14:58:29'),(300,1,'2018-06-15 14:59:04'),(301,1,'2018-06-15 15:01:46'),(302,1,'2018-06-15 15:01:48'),(303,1,'2018-06-15 15:03:54'),(304,1,'2018-06-15 15:03:59'),(305,1,'2018-06-15 15:11:09'),(306,1,'2018-06-15 15:11:18'),(307,1,'2018-06-15 15:12:06'),(308,1,'2018-06-15 15:13:35'),(309,1,'2018-06-15 15:14:31'),(310,1,'2018-06-15 15:14:39'),(311,1,'2018-06-15 15:14:50'),(312,1,'2018-06-15 15:14:57'),(313,1,'2018-06-15 15:15:06'),(314,1,'2018-06-15 15:15:13'),(315,1,'2018-06-15 15:15:19'),(316,1,'2018-06-15 15:15:26'),(317,1,'2018-06-15 15:15:35'),(318,1,'2018-06-15 15:15:40'),(319,1,'2018-06-15 15:16:10'),(320,1,'2018-06-15 15:25:21'),(321,1,'2018-06-15 15:25:22'),(322,1,'2018-06-15 15:25:23'),(323,1,'2018-06-15 15:25:24'),(324,1,'2018-06-15 15:25:24'),(325,1,'2018-06-15 15:25:25'),(326,1,'2018-06-15 15:25:57'),(327,1,'2018-06-15 15:26:18'),(328,1,'2018-06-15 15:26:20'),(329,1,'2018-06-15 15:26:21'),(330,1,'2018-06-15 15:26:23'),(331,1,'2018-06-15 15:26:24'),(332,1,'2018-06-15 15:26:25'),(333,1,'2018-06-15 15:26:26'),(334,1,'2018-06-15 15:26:28'),(335,1,'2018-06-15 15:27:00'),(336,1,'2018-06-15 15:28:26'),(337,1,'2018-06-15 15:28:28'),(338,1,'2018-06-15 15:28:29'),(339,1,'2018-06-15 15:28:30'),(340,1,'2018-06-15 15:28:48'),(341,1,'2018-06-15 15:28:50'),(342,1,'2018-06-15 15:29:23'),(343,1,'2018-06-15 15:30:27'),(344,1,'2018-06-15 15:30:32'),(345,1,'2018-06-15 15:30:35'),(346,1,'2018-06-15 15:31:07'),(347,1,'2018-06-15 15:31:39'),(348,1,'2018-06-15 15:32:04'),(349,1,'2018-06-15 15:32:06'),(350,1,'2018-06-15 15:32:07'),(351,1,'2018-06-15 15:32:09'),(352,1,'2018-06-15 15:32:10'),(353,1,'2018-06-15 15:33:30'),(354,1,'2018-06-15 15:33:31'),(355,1,'2018-06-15 15:33:32'),(356,1,'2018-06-15 15:33:34'),(357,1,'2018-06-15 15:33:35'),(358,1,'2018-06-15 15:35:33'),(359,1,'2018-06-15 15:35:34'),(360,1,'2018-06-15 15:35:35'),(361,1,'2018-06-15 15:35:36'),(362,1,'2018-06-15 15:35:37'),(363,1,'2018-06-15 15:36:20'),(364,1,'2018-06-15 15:36:21'),(365,1,'2018-06-15 15:36:22'),(366,1,'2018-06-15 15:36:23'),(367,1,'2018-06-15 15:36:25'),(368,1,'2018-06-15 15:37:20'),(369,1,'2018-06-15 15:37:21'),(370,1,'2018-06-15 15:37:22'),(371,1,'2018-06-15 15:37:23'),(372,1,'2018-06-15 15:37:24'),(373,1,'2018-06-15 15:38:00'),(374,1,'2018-06-15 15:38:01'),(375,1,'2018-06-15 15:38:02'),(376,1,'2018-06-15 15:38:03'),(377,1,'2018-06-15 15:38:04'),(378,1,'2018-06-15 15:54:47'),(379,1,'2018-06-15 15:54:48'),(380,1,'2018-06-15 15:54:49'),(381,1,'2018-06-15 15:54:50'),(382,1,'2018-06-15 15:54:51'),(383,1,'2018-06-15 15:55:40'),(384,1,'2018-06-15 15:55:40'),(385,1,'2018-06-15 15:55:41'),(386,1,'2018-06-15 15:55:42'),(387,1,'2018-06-15 15:55:43'),(388,1,'2018-06-15 15:56:17'),(389,1,'2018-06-15 15:56:18'),(390,1,'2018-06-15 15:56:19'),(391,1,'2018-06-15 15:56:19'),(392,1,'2018-06-15 15:56:20'),(393,1,'2018-06-15 15:57:43'),(394,1,'2018-06-15 15:57:43'),(395,1,'2018-06-15 15:57:44'),(396,1,'2018-06-15 15:57:45'),(397,1,'2018-06-15 15:57:46'),(398,1,'2018-06-15 15:57:54'),(399,1,'2018-06-15 15:57:55'),(400,1,'2018-06-15 15:57:55'),(401,1,'2018-06-15 15:57:56'),(402,1,'2018-06-15 15:57:57'),(403,1,'2018-06-15 15:58:02'),(404,1,'2018-06-15 15:58:03'),(405,1,'2018-06-15 15:58:04'),(406,1,'2018-06-15 15:58:05'),(407,1,'2018-06-15 15:58:05'),(408,1,'2018-06-15 15:58:11'),(409,1,'2018-06-15 15:58:11'),(410,1,'2018-06-15 15:58:12'),(411,1,'2018-06-15 15:58:13'),(412,1,'2018-06-15 15:58:13'),(413,1,'2018-06-15 15:59:20'),(414,1,'2018-06-15 15:59:21'),(415,1,'2018-06-15 15:59:22'),(416,1,'2018-06-15 15:59:23'),(417,1,'2018-06-15 15:59:24'),(418,1,'2018-06-15 15:59:38'),(419,1,'2018-06-15 15:59:39'),(420,1,'2018-06-15 15:59:39'),(421,1,'2018-06-15 15:59:40'),(422,1,'2018-06-15 15:59:41'),(423,1,'2018-06-15 16:00:04'),(424,1,'2018-06-15 16:00:05'),(425,1,'2018-06-15 16:00:06'),(426,1,'2018-06-15 16:00:07'),(427,1,'2018-06-15 16:00:08'),(428,1,'2018-06-15 16:00:16'),(429,1,'2018-06-15 16:00:17'),(430,1,'2018-06-15 16:00:18'),(431,1,'2018-06-15 16:00:18'),(432,1,'2018-06-15 16:00:19'),(433,1,'2018-06-15 16:01:10'),(434,1,'2018-06-15 16:01:11'),(435,1,'2018-06-15 16:01:12'),(436,1,'2018-06-15 16:01:13'),(437,1,'2018-06-15 16:01:15'),(438,1,'2018-06-15 16:02:17'),(439,1,'2018-06-15 16:02:18'),(440,1,'2018-06-15 16:02:19'),(441,1,'2018-06-15 16:02:19'),(442,1,'2018-06-15 16:02:20'),(443,1,'2018-06-15 16:02:28'),(444,1,'2018-06-15 16:02:29'),(445,1,'2018-06-15 16:02:30'),(446,1,'2018-06-15 16:02:31'),(447,1,'2018-06-15 16:02:31'),(448,1,'2018-06-15 16:03:44'),(449,1,'2018-06-15 16:03:44'),(450,1,'2018-06-15 16:03:45'),(451,1,'2018-06-15 16:03:46'),(452,1,'2018-06-15 16:03:47'),(453,1,'2018-06-15 16:04:26'),(454,1,'2018-06-15 16:09:26'),(455,1,'2018-06-15 16:09:27'),(456,1,'2018-06-15 16:09:28'),(457,1,'2018-06-15 16:09:30'),(458,1,'2018-06-15 16:09:31'),(459,1,'2018-06-15 22:52:54'),(460,1,'2018-06-15 22:52:55'),(461,1,'2018-06-15 22:52:56'),(462,1,'2018-06-15 22:52:57'),(463,1,'2018-06-15 22:52:59'),(464,1,'2018-06-15 22:53:05'),(465,1,'2018-06-15 22:53:06'),(466,1,'2018-06-15 22:53:07'),(467,1,'2018-06-15 22:53:08'),(468,1,'2018-06-15 22:53:09'),(469,1,'2018-06-15 23:15:34'),(470,1,'2018-06-15 23:15:35'),(471,1,'2018-06-15 23:15:36'),(472,1,'2018-06-15 23:15:37'),(473,1,'2018-06-15 23:15:38'),(474,1,'2018-06-15 23:17:05'),(475,1,'2018-06-15 23:17:06'),(476,1,'2018-06-15 23:17:08'),(477,1,'2018-06-15 23:17:09'),(478,1,'2018-06-15 23:17:10'),(479,1,'2018-06-15 23:23:46'),(480,1,'2018-06-16 00:03:56'),(481,1,'2018-06-16 00:03:57'),(482,1,'2018-06-16 00:03:58'),(483,1,'2018-06-16 00:03:59'),(484,1,'2018-06-16 00:04:01'),(485,1,'2018-06-16 00:15:22'),(486,1,'2018-06-16 00:15:23'),(487,1,'2018-06-16 00:15:23'),(488,1,'2018-06-16 00:15:24'),(489,1,'2018-06-16 00:15:25'),(490,1,'2018-06-16 02:45:37'),(491,1,'2018-06-16 02:45:38'),(492,1,'2018-06-16 02:50:39'),(493,1,'2018-06-17 00:22:35'),(494,1,'2018-06-17 00:22:36'),(495,1,'2018-06-17 00:22:36'),(496,1,'2018-06-17 00:22:38'),(497,1,'2018-06-17 00:22:39'),(498,1,'2018-06-17 00:22:45'),(499,1,'2018-06-17 00:22:46'),(500,1,'2018-06-17 00:22:47'),(501,1,'2018-06-17 00:22:49'),(502,1,'2018-06-17 00:22:51');
/*!40000 ALTER TABLE `s1_responses` ENABLE KEYS */;
UNLOCK TABLES;

--
-- Table structure for table `survey_list`
--

DROP TABLE IF EXISTS `survey_list`;
/*!40101 SET @saved_cs_client     = @@character_set_client */;
/*!40101 SET character_set_client = utf8 */;
CREATE TABLE `survey_list` (
  `id` int(11) NOT NULL AUTO_INCREMENT,
  `title` varchar(100) NOT NULL,
  `subtitle` varchar(100) NOT NULL,
  `prefix` varchar(20) NOT NULL,
  `slug` varchar(20) NOT NULL,
  `enabled` tinyint(1) DEFAULT '0',
  PRIMARY KEY (`id`)
) ENGINE=InnoDB AUTO_INCREMENT=2 DEFAULT CHARSET=latin1;
/*!40101 SET character_set_client = @saved_cs_client */;

--
-- Dumping data for table `survey_list`
--

LOCK TABLES `survey_list` WRITE;
/*!40000 ALTER TABLE `survey_list` DISABLE KEYS */;
INSERT INTO `survey_list` VALUES (1,'Survey','Please provide all basic information','s1','survey_one',1);
/*!40000 ALTER TABLE `survey_list` ENABLE KEYS */;
UNLOCK TABLES;

--
-- Table structure for table `survey_users`
--

DROP TABLE IF EXISTS `survey_users`;
/*!40101 SET @saved_cs_client     = @@character_set_client */;
/*!40101 SET character_set_client = utf8 */;
CREATE TABLE `survey_users` (
  `id` int(11) NOT NULL AUTO_INCREMENT,
  `email` varchar(200) NOT NULL,
  `created` timestamp NOT NULL DEFAULT CURRENT_TIMESTAMP,
  PRIMARY KEY (`id`)
) ENGINE=InnoDB AUTO_INCREMENT=4 DEFAULT CHARSET=latin1;
/*!40101 SET character_set_client = @saved_cs_client */;

--
-- Dumping data for table `survey_users`
--

LOCK TABLES `survey_users` WRITE;
/*!40000 ALTER TABLE `survey_users` DISABLE KEYS */;
INSERT INTO `survey_users` VALUES (1,'station1','2018-05-23 14:28:08'),(2,'station2','2018-05-23 14:56:23'),(3,'station3','2018-05-23 14:58:40');
/*!40000 ALTER TABLE `survey_users` ENABLE KEYS */;
UNLOCK TABLES;

--
-- Dumping events for database 'survey'
--

--
-- Dumping routines for database 'survey'
--
/*!40103 SET TIME_ZONE=@OLD_TIME_ZONE */;

/*!40101 SET SQL_MODE=@OLD_SQL_MODE */;
/*!40014 SET FOREIGN_KEY_CHECKS=@OLD_FOREIGN_KEY_CHECKS */;
/*!40014 SET UNIQUE_CHECKS=@OLD_UNIQUE_CHECKS */;
/*!40101 SET CHARACTER_SET_CLIENT=@OLD_CHARACTER_SET_CLIENT */;
/*!40101 SET CHARACTER_SET_RESULTS=@OLD_CHARACTER_SET_RESULTS */;
/*!40101 SET COLLATION_CONNECTION=@OLD_COLLATION_CONNECTION */;
/*!40111 SET SQL_NOTES=@OLD_SQL_NOTES */;

-- Dump completed on 2018-06-17 10:23:37
